,id_post,id,message,picture,link,name,caption,description,icon,type,status_type,created_time,updated_time,shares
0,79,612616258840297_788533214581933,We are all equal on the pitch and in the stands. #EmbraceDiversity #Copa100,https://fbcdn-vthumb-a.akamaihd.net/hvthumb-ak-xaf1/v/t15.0-10/s130x130/13538151_788533971248524_1690994732_n.jpg?oh=a11fbfc1798f6e5d3ab9a91cc382ef47&oe=57EE0CDE&__gda__=1478965800_b22297140acd501808947e04724412ac,https://www.facebook.com/2016CopaAmericaCentenario/videos/788533214581933/,Embrace Diversity,,,https://www.facebook.com/images/icons/video.gif,video,added_video,2016-06-26T23:46:21+0000,2016-06-27T03:35:49+0000,151
1,80,612616258840297_788533131248608,Únete a nuestro equipo. #CelebralaDiversidad #Copa100,https://fbcdn-vthumb-a.akamaihd.net/hvthumb-ak-xtp1/v/t15.0-10/s130x130/13538317_788533864581868_1152413420_n.jpg?oh=9e7a41cbd12e436c417847215a789d5d&oe=57F7939D&__gda__=1474976282_65bd9d5facd035c3190359d85cb31a29,https://www.facebook.com/2016CopaAmericaCentenario/videos/788533131248608/,,,,https://www.facebook.com/images/icons/video.gif,video,added_video,2016-06-26T23:46:13+0000,2016-06-27T08:19:18+0000,39
2,81,612616258840297_788522411249680,"¡Con esta alineación, el Tata Martino confía que la AFA - Selección Argentina quedará campeón de la #Copa100! #ARGvCHI",https://fbcdn-photos-b-a.akamaihd.net/hphotos-ak-xpl1/v/t1.0-0/s130x130/13529182_788522411249680_3170139643603108401_n.png?oh=de1d770cfbd7233a8be998b30adb488d&oe=57F4A9F9&__gda__=1475688656_d12b6e6397dddbf793bb0bdfe69f8af5,https://www.facebook.com/2016CopaAmericaCentenario/photos/a.688703801231542.1073741828.612616258840297/788522411249680/?type=3,Timeline Photos,,,https://www.facebook.com/images/icons/photo.gif,photo,added_photos,2016-06-26T23:21:17+0000,2016-06-28T11:18:31+0000,293
3,82,612616258840297_788518414583413,Here are the lineups for the #Copa100 Final. #ARGvCHI ?????,https://fbcdn-photos-b-a.akamaihd.net/hphotos-ak-xft1/v/t1.0-0/s130x130/13529118_788518287916759_697628566431201681_n.png?oh=6baf1dfccab8a599299fdf3be8396ca0&oe=57F81A1A&__gda__=1475085445_80fe123c7dd4ddac402ed7977751fc78,https://www.facebook.com/2016CopaAmericaCentenario/photos/a.688703801231542.1073741828.612616258840297/788518287916759/?type=3,Photos from Copa América Centenario 2016's post,,,https://www.facebook.com/images/icons/photo.gif,photo,added_photos,2016-06-26T23:13:13+0000,2016-06-27T04:54:13+0000,516
4,83,612616258840297_788518307916757,¡Estos son los 11 jugadores que representarán a la Selección Chilena en la gran final de #Copa100! #ARGvCHI,https://fbcdn-photos-a-a.akamaihd.net/hphotos-ak-xaf1/v/t1.0-0/s130x130/13516737_788518307916757_6935236717740210301_n.png?oh=49ec5034031bc462fba4aab026398a51&oe=57ED6876&__gda__=1475395473_ef00da7d247568d540377158b0dbb96a,https://www.facebook.com/2016CopaAmericaCentenario/photos/a.688703801231542.1073741828.612616258840297/788518307916757/?type=3,Timeline Photos,,,https://www.facebook.com/images/icons/photo.gif,photo,added_photos,2016-06-26T23:13:00+0000,2016-06-27T15:21:15+0000,114
5,84,612616258840297_788518211250100,"Confira as escalações da AFA - Selección Argentina e da Selección Chilena para a final de hoje na #Copa100 daqui a pouco! E aí, quem leva a melhor?",https://fbcdn-photos-b-a.akamaihd.net/hphotos-ak-xlp1/v/t1.0-0/s130x130/13528812_788518097916778_5720639501322772483_n.png?oh=073ec22ddf53bc4f12a91c6932f3e4de&oe=57EE350E&__gda__=1479920432_5008f15e5b8c453afcfb2cf04ef1fe96,https://www.facebook.com/2016CopaAmericaCentenario/photos/a.688703801231542.1073741828.612616258840297/788518097916778/?type=3,Photos from Copa América Centenario 2016's post,,,https://www.facebook.com/images/icons/photo.gif,photo,added_photos,2016-06-26T23:12:38+0000,2016-06-28T10:51:37+0000,161
6,85,612616258840297_788504327918155,Live with the golden boot... #copa100,https://fbcdn-vthumb-a.akamaihd.net/hvthumb-ak-xtp1/v/t15.0-10/p130x130/13538048_788510951250826_1835256422_n.jpg?oh=391be9ecd7965dc0b32d478a994a22a7&oe=57FBA778&__gda__=1475519999_5b15038d7523172583559fb14d8df168,https://www.facebook.com/2016CopaAmericaCentenario/videos/788504327918155/,,,,https://www.facebook.com/images/icons/video.gif,video,added_video,2016-06-26T22:49:30+0000,2016-07-10T22:04:18+0000,956
7,86,612616258840297_788496651252256,Live with the golden ball... #copa100,https://fbcdn-vthumb-a.akamaihd.net/hvthumb-ak-xpt1/v/t15.0-10/p130x130/13538075_788499771251944_1310864460_n.jpg?oh=9b338d1b5566c2301682427bf868251e&oe=583083AF&__gda__=1479303908_9d68f317c760c9d1e3ac3ed597d06e0c,https://www.facebook.com/2016CopaAmericaCentenario/videos/788496651252256/,,,,https://www.facebook.com/images/icons/video.gif,video,added_video,2016-06-26T22:39:22+0000,2016-07-10T13:32:26+0000,597
8,87,612616258840297_788486021253319,Live with the golden glove... #copa100,https://fbcdn-vthumb-a.akamaihd.net/hvthumb-ak-xfa1/v/t15.0-10/p130x130/13481536_788494791252442_370471532_n.jpg?oh=05b3096354ae8295feb749a599216c91&oe=57F6C622&__gda__=1479647582_a833c5cc0c7e56bb68f13ed83ef06804,https://www.facebook.com/2016CopaAmericaCentenario/videos/788486021253319/,,,,https://www.facebook.com/images/icons/video.gif,video,added_video,2016-06-26T22:33:32+0000,2016-07-10T22:06:33+0000,294
9,88,612616258840297_788477817920806,"AFA - Selección Argentina va llegado a MetLife Stadium para enfrentar a Chile #ARGvCHI #Copa100 #CopaAmérica #Final

Team Argentina has arrived for their Final match vs Chile",https://fbcdn-vthumb-a.akamaihd.net/hvthumb-ak-xat1/v/t15.0-10/p130x130/13537879_788485161253405_1116030449_n.jpg?oh=b4439284fec6c6ac2e273a40db5428a3&oe=57EC7F93&__gda__=1476165139_2f7836e5e35e230a1ef08eca0ee1153e,https://www.facebook.com/2016CopaAmericaCentenario/videos/788477817920806/,,,,https://www.facebook.com/images/icons/video.gif,video,added_video,2016-06-26T22:27:47+0000,2016-07-05T01:35:04+0000,362
10,89,612616258840297_788472091254712,Live with the trophy... #copa100,https://fbcdn-vthumb-a.akamaihd.net/hvthumb-ak-xfa1/v/t15.0-10/p130x130/13481464_788481137920474_1423104679_n.jpg?oh=b1568ff59545d5ef219ff41eaaf579ae&oe=583667A5&__gda__=1479003914_408b4ad0a4c4e536550a1d745e02348d,https://www.facebook.com/2016CopaAmericaCentenario/videos/788472091254712/,,,,https://www.facebook.com/images/icons/video.gif,video,added_video,2016-06-26T22:24:41+0000,2016-07-07T22:43:44+0000,752
11,90,612616258840297_788470284588226,,https://fbcdn-photos-b-a.akamaihd.net/hphotos-ak-xtl1/v/t1.0-0/s130x130/13510976_10153956352158423_6668740201255625870_n.jpg?oh=b626088efa6bd41fd34085eed88f8d66&oe=5833932E&__gda__=1475555583_02cddaa83c7e87644fcb191e03162481,https://www.facebook.com/MetLifeStadium/photos/a.105527048422.95111.78292498422/10153956352158423/?type=3,MetLife Stadium,,"ATTENTION Copa América Centenario 2016 fans heading here for today's match! Here's what you need to know:

ARRIVE EARLY! Fans are encouraged to carpool and/or use public transportation. The State Fair Meadowlands is CLOSED TODAY.  However, due to the setup, some spaces will be unavailable. Offsite parking will be available at the Murray Hill Lot.

GETTING HERE:
The fastest way here is through NJ TRANSIT Rail. The first train here will begin at 5:13pm. Schedule: http://bit.ly/28LyAGM

Coach USA 3",,photo,added_photos,2016-06-26T22:16:50+0000,2016-06-30T22:35:59+0000,
12,91,612616258840297_788468511255070,Live with #Copa100 trophies!  #ARGvCHI,https://fbcdn-vthumb-a.akamaihd.net/hvthumb-ak-xft1/v/t15.0-10/p130x130/13538342_788471937921394_1638251778_n.jpg?oh=65f0bd8be4a90c2fff0c6246777eeded&oe=57F36E49&__gda__=1475178489_5e0df46b1c6169ec999ec11b874345c7,https://www.facebook.com/2016CopaAmericaCentenario/videos/788468511255070/,,,,https://www.facebook.com/images/icons/video.gif,video,added_video,2016-06-26T22:15:20+0000,2016-06-28T03:20:50+0000,345
13,92,612616258840297_788464537922134,"¡La AFA - Selección Argentina  buscará ganar la final de #Copa100 sí o sí! ???? #ARGvCHI

Lee más aquí: http://bit.ly/28Wkzut",https://fbexternal-a.akamaihd.net/safe_image.php?d=AQDzFiJvu79lR4qi&w=130&h=130&url=http%3A%2F%2Fs3.amazonaws.com%2Fphotos.socialagency.com%2F545%2F1466979013207_TWVzc2kgTWFycXVlZSBGaW5hbC5qcGc%3D.original.jpeg&cfs=1&sx=246&sy=0&sw=404&sh=404,http://bit.ly/28Wkzut,Argentina busca su primer trofeo en 23 años ante el campeón Chile,es.ca2016.com,"La fiesta de la Copa América Centenario llega a su fin con los mismos protagonistas que disputaron el partido Final de la Copa América 2015. El partido en el MetLife Stadium en East Rutherford, Nueva Jersey, será el cuarto enfrentamiento entre los dos equipos en el último año.",https://www.facebook.com/images/icons/post.gif,link,shared_story,2016-06-26T22:11:39+0000,2016-06-27T15:16:14+0000,119
14,93,612616258840297_788464221255499,¡Hoy es el día perfecto para un partidazo de fútbol! ¡No te pierdas la gran final de #Copa100 esta noche a las 8pmET por FS1 y Univision! ?,https://fbcdn-photos-b-a.akamaihd.net/hphotos-ak-xpf1/v/t1.0-0/s130x130/13501702_788464221255499_8969035541195186866_n.jpg?oh=67bcfd9410189b24bddaa1d052b3e156&oe=57F61517&__gda__=1475546282_35c0e825667d97d0f29c379435fb9826,https://www.facebook.com/2016CopaAmericaCentenario/photos/a.688703801231542.1073741828.612616258840297/788464221255499/?type=3,Timeline Photos,,,https://www.facebook.com/images/icons/photo.gif,photo,added_photos,2016-06-26T22:10:15+0000,2016-06-27T09:36:12+0000,143
15,94,612616258840297_788463261255595,AFA - Selección Argentina will look to win their first trophy in over 23 years: http://bit.ly/28X1lRN,https://fbexternal-a.akamaihd.net/safe_image.php?d=AQCETBSdJjnDGX6U&w=130&h=130&url=http%3A%2F%2Fwww.ca2016.com%2Fuploads%2F10%2F08%2FMessi_Marquee_Final-1024x_.jpg%3Ftoken%3D4958dc6dbff0f1161a5890c59d34c9f9&cfs=1&sx=224&sy=0&sw=404&sh=404,http://bit.ly/28X1lRN,Argentina Seeks First Trophy in 23 Years Against Current Champion Chile,www.ca2016.com,"The Copa America Centenario celebration comes to an end Sunday with the same two teams that played in last year's Final, Argentina and Chile (8 p.m. ET - FS1, Univision). The game at MetLife Stadium in East Rutherford, New Jersey, will be the fourth meeting between the two teams in the last year.",https://www.facebook.com/images/icons/post.gif,link,shared_story,2016-06-26T22:06:52+0000,2016-06-28T12:58:03+0000,124
16,95,612616258840297_788462937922294,A AFA - Selección Argentina quer acabar com o jejum de 23 anos contra a Selección Chilena! Confira em nosso site! #Copa100,https://fbexternal-a.akamaihd.net/safe_image.php?d=AQAW-_KqSOxriA1z&w=130&h=130&url=http%3A%2F%2Fpt.ca2016.com%2Fuploads%2F00%2F13%2FArturo_Vidal_Marquee_Final.jpg&cfs=1&sx=139&sy=0&sw=515&sh=515,http://pt.ca2016.com/article/argentina-quer-acabar-com-jejum-de-23-anos-contra-o-atual-campao-chile,Argentina quer acabar com jejum de 23 anos contra o atual campão Chile,pt.ca2016.com,"A comemoração do Centenário da Copa América chega ao fim neste domingo, com as mesmas seleções que jogaram a final do ano passado - Chile e Argentina. O jogo será no MetLife Stadium, em East Rutherford, Nova Jersey e marcará o quarto encontro entre os dois times nos últimos 12 meses.",https://www.facebook.com/images/icons/post.gif,link,shared_story,2016-06-26T22:05:42+0000,2016-06-27T15:11:10+0000,23
17,96,612616258840297_788443054590949,"AFA - Selección Argentina locker room is set for #ARGvCHI #Copa100 #CopaAmérica #Final

Detrás de las escenas en el vestidor de #LaAlbiceleste antes del partido contra Chile",https://fbcdn-vthumb-a.akamaihd.net/hvthumb-ak-xaf1/v/t15.0-10/p130x130/13538170_788448524590402_749840454_n.jpg?oh=5bbb75fb56a1f619373086cbe51fab60&oe=57EF0642&__gda__=1475026690_b50d710eaf280624733052c88ae45758,https://www.facebook.com/2016CopaAmericaCentenario/videos/788443054590949/,,,,https://www.facebook.com/images/icons/video.gif,video,added_video,2016-06-26T21:22:25+0000,2016-07-07T22:46:54+0000,782
18,97,612616258840297_788436817924906,Fans of AFA - Selección Argentina counting down until the #Copa100 Final kicks off at 8 p.m. ET! Watch #ARGvCHI on FS1 and Univision tonight!,https://scontent.xx.fbcdn.net/v/l/t15.0-10/s130x130/13537967_788437504591504_807989574_n.jpg?oh=f3c1f2ba8e4c5131085bbb15d55e778b&oe=582DC254,https://www.facebook.com/2016CopaAmericaCentenario/videos/788436817924906/,,,,https://www.facebook.com/images/icons/video.gif,video,added_video,2016-06-26T21:12:04+0000,2016-07-10T16:45:59+0000,720
19,98,612616258840297_788436961258225,Lovely day for some footie at MetLife Stadium! The #Copa100 Final can be found on FS1 and Univision at 8 PM ET tonight.,https://fbcdn-photos-c-a.akamaihd.net/hphotos-ak-xfa1/v/t1.0-0/s130x130/13510870_788436961258225_73909651927329997_n.jpg?oh=d5871f5db3206dd916ec6cbee8a1bacf&oe=57FAE233&__gda__=1479140752_a6256d18eeb3f450a11fe2e8fbf7a302,https://www.facebook.com/2016CopaAmericaCentenario/photos/a.688703801231542.1073741828.612616258840297/788436961258225/?type=3,Timeline Photos,,,https://www.facebook.com/images/icons/photo.gif,photo,added_photos,2016-06-26T21:11:05+0000,2016-06-26T21:11:05+0000,84
20,99,612616258840297_788415814593673,Selección Chilena fans have arrived at MetLife Stadium! #Copa100 #ARGvCHI,https://fbcdn-vthumb-a.akamaihd.net/hvthumb-ak-xap1/v/t15.0-10/p130x130/12594162_788422031259718_1978507429_n.jpg?oh=0a7593f5e7cc811e3ac5c6edf2be2c05&oe=582C2655&__gda__=1479523138_c6cd0199c6a3fb173f8dc925f352d367,https://www.facebook.com/2016CopaAmericaCentenario/videos/788415814593673/,,,,https://www.facebook.com/images/icons/video.gif,video,added_video,2016-06-26T20:25:22+0000,2016-06-26T20:35:04+0000,340
21,100,612616258840297_788412581260663,Éver Banega es el socio de todos en AFA - Selección Argentina: http://bit.ly/28WaZYv,https://fbexternal-a.akamaihd.net/safe_image.php?d=AQAh1IXeGHoXqtmN&w=130&h=130&url=http%3A%2F%2Fes.ca2016.com%2Fuploads%2F13%2F00%2FARG_-_Ever_Banega_2.jpg&cfs=1&sx=195&sy=0&sw=494&sh=494,http://bit.ly/28WaZYv,Éver Banega es el socio de todos en Argentina,es.ca2016.com,"La selección argentina buscará su primer título en 23 años este domingo en lo que será su tercera Final consecutiva. La Albiceleste cayó en los partidos finales del Mundial 2014 y la Copa América 2015 y ahora se apega al refrán que dice ""La tercera es la vencida.""",https://www.facebook.com/images/icons/post.gif,link,shared_story,2016-06-26T20:20:10+0000,2016-06-26T20:20:10+0000,25
22,101,612616258840297_788409474594307,"Ever Banega, o maestro da AFA - Selección Argentina: http://bit.ly/28WaEoL",https://fbexternal-a.akamaihd.net/safe_image.php?d=AQBLp3RJRpOJHSFw&w=130&h=130&url=http%3A%2F%2Fpt.ca2016.com%2Fuploads%2F02%2F06%2FARG_-_Ever_Banega_2.jpg&cfs=1&sx=195&sy=0&sw=494&sh=494,http://bit.ly/28WaEoL,"Ever Banega, o maestro da Argentina",pt.ca2016.com,"Neste domingo, a Argentina busca seu primeiro título em 23 anos, em sua terceira final consecutiva. A Albiceleste perdeu tanto a final da Copa do Mundo, como a da Copa América no ano passado. Agora o time acredita que é a sua vez. Para alcançar seu objetivo, o time teve que passar por uma série de a...",https://www.facebook.com/images/icons/post.gif,link,shared_story,2016-06-26T20:16:07+0000,2016-06-26T20:16:07+0000,10
23,102,612616258840297_788408601261061,Live from MetLife Stadium where AFA - Selección Argentina are getting ready! ... #Copa100 #ARGvCHi,https://fbcdn-vthumb-a.akamaihd.net/hvthumb-ak-xfa1/v/t15.0-10/p130x130/13538296_788410804594174_299979341_n.jpg?oh=03d8e1908b3caef930b320ec2538ba3c&oe=583722CA&__gda__=1479389110_5de8d85c9a5bb00f4540b379c6c7d1df,https://www.facebook.com/2016CopaAmericaCentenario/videos/788408601261061/,,,,https://www.facebook.com/images/icons/video.gif,video,added_video,2016-06-26T20:15:22+0000,2016-06-28T13:39:36+0000,584
24,103,612616258840297_788409067927681,Learn more about how Ever Banega helps AFA - Selección Argentina be so dangerous: http://bit.ly/28Waxd4,https://fbexternal-a.akamaihd.net/safe_image.php?d=AQBJZmmqk8A2uKL_&w=130&h=130&url=http%3A%2F%2Fwww.ca2016.com%2Fuploads%2F08%2F00%2FARG_-_Ever_Banega_2.jpg&cfs=1&sx=195&sy=0&sw=494&sh=494,http://bit.ly/28Waxd4,"For Argentina, Ever Banega is everyone's partner",www.ca2016.com,"On Sunday, Argentina will look to win its first title in 23 years in what will be its third consecutive Final. La Albiceleste fell in in the Finals of the 2014 FIFA World Cup and 2015 Copa America and is now a believer of the phrase, ""Third time's a charm.""",https://www.facebook.com/images/icons/post.gif,link,shared_story,2016-06-26T20:15:07+0000,2016-06-27T23:16:51+0000,14
25,104,612616258840297_788371237931464,Fechado com a Selección Chilena ? Compartilhe/curta e mostre quem você acha que será campeão! #ARGvCHI #Copa100,https://fbcdn-photos-a-a.akamaihd.net/hphotos-ak-xfl1/v/t1.0-0/s130x130/13507074_788371237931464_6685598993103869753_n.png?oh=09dd1ccbbe65fa5ced478e6feac21e2a&oe=582C0EAA&__gda__=1478968503_f7b98891ae51aaae3667f1f588ee1e2d,https://www.facebook.com/2016CopaAmericaCentenario/photos/a.688703801231542.1073741828.612616258840297/788371237931464/?type=3,Timeline Photos,,,https://www.facebook.com/images/icons/photo.gif,photo,added_photos,2016-06-26T19:00:13+0000,2016-06-30T03:53:53+0000,64
26,105,612616258840297_788347621267159,Cheering for Selección Chilena during tonight's #ARGvCHI #Copa100 Final? Like/share this to show your support!,https://fbcdn-photos-a-a.akamaihd.net/hphotos-ak-xfa1/v/t1.0-0/s130x130/13501553_788347621267159_6066644527633072062_n.png?oh=9601983bb68e779153de8c31f6013880&oe=582B170E&__gda__=1478982108_64efe5b2aeede32ba63c7fc997579cf0,https://www.facebook.com/2016CopaAmericaCentenario/photos/a.688703801231542.1073741828.612616258840297/788347621267159/?type=3,Timeline Photos,,,https://www.facebook.com/images/icons/photo.gif,photo,added_photos,2016-06-26T18:40:05+0000,2016-06-30T10:36:04+0000,307
27,106,612616258840297_788339684601286,"Hoy es el día de la gran final. La cita es entre la AFA - Selección Argentina, la Selección Chilena, y tú. ¿Estás listo?",https://fbcdn-vthumb-a.akamaihd.net/hvthumb-ak-xap1/v/t15.0-10/s130x130/13481616_788340434601211_1413622884_n.jpg?oh=07c90a0200ce5c21a78e88e7bd510f68&oe=57FE1DD1&__gda__=1474855366_2aece5a22adb1220c0f6b0383bac2130,https://www.facebook.com/2016CopaAmericaCentenario/videos/788339684601286/,,,,https://www.facebook.com/images/icons/video.gif,video,added_video,2016-06-26T18:31:30+0000,2016-06-29T22:04:36+0000,962
28,107,612616258840297_788339531267968,Fechado com a AFA - Selección Argentina ? Compartilhe/curta e mostre quem você acha que será campeão! #ARGvCHI #Copa100,https://fbcdn-photos-c-a.akamaihd.net/hphotos-ak-xlf1/v/t1.0-0/s130x130/13516282_788339531267968_7813027951462336982_n.png?oh=6b2c3672ccde8f235b2aa89652b5522a&oe=57FA93CA&__gda__=1475896653_749fb087bef387cfa54da6708f21de68,https://www.facebook.com/2016CopaAmericaCentenario/photos/a.688703801231542.1073741828.612616258840297/788339531267968/?type=3,Timeline Photos,,,https://www.facebook.com/images/icons/photo.gif,photo,added_photos,2016-06-26T18:30:11+0000,2016-06-26T18:30:11+0000,127
29,108,612616258840297_788339544601300,AFA - Selección Argentina will be facing off with Selección Chilena at the #Copa100 Final tonight at 8pm ET! Share/like if you'll be cheering for La #Albiceleste. #ARGvCHI,https://fbcdn-photos-a-a.akamaihd.net/hphotos-ak-xat1/v/t1.0-0/s130x130/13533096_788339544601300_1934694497823214557_n.png?oh=39c4b002df88d6c1b9263875872729b7&oe=5835B70D&__gda__=1474942321_262eff420b6153ed27b3d7530b4947dd,https://www.facebook.com/2016CopaAmericaCentenario/photos/a.688703801231542.1073741828.612616258840297/788339544601300/?type=3,Timeline Photos,,,https://www.facebook.com/images/icons/photo.gif,photo,added_photos,2016-06-26T18:30:11+0000,2016-06-27T16:09:37+0000,563
30,109,612616258840297_788339511267970,¿Quieres que la Selección Chilena vuelva a levantar la copa???? ¡Dale like/RT demostrando tu orgullo por el equipo! #ARGvCHI,https://fbcdn-photos-a-a.akamaihd.net/hphotos-ak-xaf1/v/t1.0-0/s130x130/13466552_788339511267970_5438876309625819872_n.png?oh=dca266183c5957b1f76eb0f57c2a2c2d&oe=57EB565D&__gda__=1479701690_478786f87d953165b414824b40dd33f0,https://www.facebook.com/2016CopaAmericaCentenario/photos/a.688703801231542.1073741828.612616258840297/788339511267970/?type=3,Timeline Photos,,,https://www.facebook.com/images/icons/photo.gif,photo,added_photos,2016-06-26T18:30:10+0000,2016-07-01T19:37:02+0000,1617
31,110,612616258840297_788339494601305,¿Confías en que la #Albiceleste se corone campeón de #Copa100? ¡Dale like y comparte esta imagen demostrando tu apoyo a la AFA - Selección Argentina! ????#ARGvCHI,https://fbcdn-photos-b-a.akamaihd.net/hphotos-ak-xlp1/v/t1.0-0/s130x130/13557731_788339494601305_5517440899548476513_n.png?oh=2be29b2f5fa38fd6aec19d39547b84e1&oe=582980D1&__gda__=1476126959_e815e5488caf2e1b9286f14e68ea21ac,https://www.facebook.com/2016CopaAmericaCentenario/photos/a.688703801231542.1073741828.612616258840297/788339494601305/?type=3,Timeline Photos,,,https://www.facebook.com/images/icons/photo.gif,photo,added_photos,2016-06-26T18:30:08+0000,2016-07-05T21:39:37+0000,9237
32,111,612616258840297_788317061270215,"Por si te lo perdiste, Head and Shoulders te trae el resumen completo de #USAvCOL en #Copa100.

Míralo aquí: http://es.ca2016.com/?ovid=ZyZXlkNDE6GBkbzqUX6-Wf1jRQwnz5X6",https://fbcdn-photos-b-a.akamaihd.net/hphotos-ak-xlf1/v/t1.0-0/s130x130/13510943_788317061270215_3816939614808943729_n.png?oh=5e172407bd252b7746f4e8352d2c658b&oe=57F94AE2&__gda__=1475694181_5885067085be005e5a0be144fedd7afa,https://www.facebook.com/2016CopaAmericaCentenario/photos/a.688703801231542.1073741828.612616258840297/788317061270215/?type=3,Timeline Photos,,,https://www.facebook.com/images/icons/photo.gif,photo,added_photos,2016-06-26T18:00:10+0000,2016-06-27T00:01:28+0000,8
33,112,612616258840297_788300284605226,Confiram o histórico entre esses grandes confrontos de #ARGvCHI! Qual será o resultado dessa #CopaAmerica?,https://fbcdn-photos-c-a.akamaihd.net/hphotos-ak-xfa1/v/t1.0-0/s130x130/13532780_788300284605226_8210149084653500414_n.png?oh=9739df410488d20e66ef4166542b0559&oe=57F31A6E&__gda__=1475017148_f716ee26ae6c5c3525fc60156b5f7d76,https://www.facebook.com/2016CopaAmericaCentenario/photos/a.688703801231542.1073741828.612616258840297/788300284605226/?type=3,Timeline Photos,,,https://www.facebook.com/images/icons/photo.gif,photo,added_photos,2016-06-26T17:32:05+0000,2016-06-28T22:29:11+0000,237
34,113,612616258840297_788299497938638,"For information on the #Copa100 Final match, visit our website. EN: http://bit.ly/28WCZYw SP: http://bit.ly/28VVfF3 PT: http://bit.ly/28VVb8j",https://fbexternal-a.akamaihd.net/safe_image.php?d=AQAxivwwEesF9-gg&w=130&h=130&url=http%3A%2F%2Fs3.amazonaws.com%2Fphotos.socialagency.com%2F545%2F1466905020767_aG9tZS1tYXJxdWVlLWxvZ28tX3gxNjAucG5n.original.png&cfs=1,http://bit.ly/28WCZYw,Home | COPA America Centenario | USA 2016,www.ca2016.com,"Official Copa America 2016 is the leading global soccer tournament. Buy Tickets to Copa, Explore Cities, Copa Match Times and Information, News about Copa Teams and Players, Player Rosters, About, Ticketing FAQ, Store, App Information. The social Media Conversation for COPA starts here.",https://www.facebook.com/images/icons/post.gif,link,shared_story,2016-06-26T17:30:10+0000,2016-06-27T02:19:35+0000,32
35,114,612616258840297_788299441271977,??? Frente A Frente: Así llegan la AFA - Selección Argentina de Leo Messi y la Selección Chilena de Arturo Vidal a la GRAN FINAL de Copa América. ¿Quién será el campeón? #ARGvCHI #Copa100,https://fbcdn-photos-d-a.akamaihd.net/hphotos-ak-xpf1/v/t1.0-0/s130x130/13516721_788299441271977_3947814041979241576_n.png?oh=5c551499937342d1a059a5ac4d02482c&oe=58330773&__gda__=1476186574_f1ce9bbec560b7e4d034deafc928e7ef,https://www.facebook.com/2016CopaAmericaCentenario/photos/a.688703801231542.1073741828.612616258840297/788299441271977/?type=3,Timeline Photos,,,https://www.facebook.com/images/icons/photo.gif,photo,added_photos,2016-06-26T17:30:09+0000,2016-07-07T18:08:22+0000,1069
36,115,612616258840297_788299434605311,AFA - Selección Argentina  will face off against Selección Chilena tonight at 8:00pm ET! #ARGvCHI #Copa100,https://fbcdn-photos-b-a.akamaihd.net/hphotos-ak-xfp1/v/t1.0-0/s130x130/13537586_788299434605311_1731181789578543313_n.png?oh=e65cd68400e8a375754022c37921fffc&oe=57FA211D&__gda__=1479818541_2b2f51ab0e316dda237d0f1e23ff0759,https://www.facebook.com/2016CopaAmericaCentenario/photos/a.688703801231542.1073741828.612616258840297/788299434605311/?type=3,Timeline Photos,,,https://www.facebook.com/images/icons/photo.gif,photo,added_photos,2016-06-26T17:30:08+0000,2016-06-27T02:24:45+0000,145
37,116,612616258840297_788299447938643,"Quer saber mais sobre a #CopaAmerica? 
Visite o nosso site em Português, Espanhol, e Inglês. Lá você confere tudo sobre a competição, desde a programação até os melhores momentos das partidas. Vai lá!

PT: pt.ca2016.com
EN: ca2016.com
ES: es.ca2016.com",https://fbexternal-a.akamaihd.net/safe_image.php?d=AQDQNtTRmimMRCbR&w=130&h=130&url=http%3A%2F%2Fs3.amazonaws.com%2Fphotos.socialagency.com%2F545%2F1465864604407_aG9tZS1tYXJxdWVlLWxvZ28tX3gxNjAucG5n.original.png&cfs=1,http://pt.ca2016.com/,Home | COPA America Centenario | USA 2016,pt.ca2016.com,"Official Copa America 2016 is the leading global soccer tournament. Buy Tickets to Copa, Explore Cities, Copa Match Times and Information, News about Copa Teams and Players, Player Rosters, About, Ticketing FAQ, Store, App Information. The social Media Conversation for COPA starts here.",https://www.facebook.com/images/icons/post.gif,link,shared_story,2016-06-26T17:30:08+0000,2016-06-26T17:30:08+0000,1
38,117,612616258840297_788299467938641,"¡Fútbol, fútbol y más fútbol! Vive toda la experiencia de #Copa100 a través de nuestro sitio oficial.? http://bit.ly/28VVfVs",https://fbexternal-a.akamaihd.net/safe_image.php?d=AQDSdnevoEUiFmww&w=130&h=130&url=http%3A%2F%2Fs3.amazonaws.com%2Fphotos.socialagency.com%2F545%2F1466287527718_aG9tZS1tYXJxdWVlLWxvZ28tX3gxNjAucG5n.original.png&cfs=1,http://bit.ly/28VVfVs,Home | COPA America Centenario | USA 2016,es.ca2016.com,"Official Copa America 2016 is the leading global soccer tournament. Buy Tickets to Copa, Explore Cities, Copa Match Times and Information, News about Copa Teams and Players, Player Rosters, About, Ticketing FAQ, Store, App Information. The social Media Conversation for COPA starts here.",https://www.facebook.com/images/icons/post.gif,link,shared_story,2016-06-26T17:30:08+0000,2016-06-27T00:26:47+0000,1
39,118,612616258840297_788293121272609,"Viu esse gol do Bacca aos 31' na partida #USAvCOL pelo terceiro lugar da #CopaAmerica? Esse foi o 5º gol do Bacca para a Selección Colombia - FCFSeleccionCol em 2016, e ele se tornou o artilheiro da seleção da Colômbia neste ano.",https://fbcdn-vthumb-a.akamaihd.net/hvthumb-ak-xap1/v/t15.0-10/s130x130/13538275_788294247939163_1527402285_n.jpg?oh=d96e9fb14c394b9ac289d2ff2b0ddb51&oe=5834FEEA&__gda__=1475365373_63c864ae439e1900ea1ed3431c29f9b0,https://www.facebook.com/2016CopaAmericaCentenario/videos/788293121272609/,,,,https://www.facebook.com/images/icons/video.gif,video,added_video,2016-06-26T17:17:05+0000,2016-06-26T17:19:57+0000,44
40,119,612616258840297_788284081273513,Carlos Bacca scored his 5th goal for Selección Colombia - FCFSeleccionCol in 2016. Bacca is the leading scorer for Colombia this year. #USAvCOL #Copa100,https://fbcdn-vthumb-a.akamaihd.net/hvthumb-ak-xta1/v/t15.0-10/s130x130/13538067_788284961273425_490370709_n.jpg?oh=90360a423ec9dd90ee29445f80bcba8b&oe=57F658F0&__gda__=1476086522_58d2a71c7b160a298a2163d4312e7e96,https://www.facebook.com/2016CopaAmericaCentenario/videos/788284081273513/,,,,https://www.facebook.com/images/icons/video.gif,video,added_video,2016-06-26T17:01:19+0000,2016-06-26T17:01:19+0000,28
41,120,612616258840297_788284234606831,Embrace team spirit. #EmbraceDiversity #Copa100,https://fbcdn-vthumb-a.akamaihd.net/hvthumb-ak-xfp1/v/t15.0-10/s130x130/12526080_788284931273428_825587527_n.jpg?oh=2f00fc11f6a9d663a1b0c73c7d6c365d&oe=57F52381&__gda__=1478916646_d3dd267144ce657f9aaafd93f35eea60,https://www.facebook.com/2016CopaAmericaCentenario/videos/788284234606831/,Embrace Diversity,,,https://www.facebook.com/images/icons/video.gif,video,added_video,2016-06-26T17:01:17+0000,2016-06-27T01:05:32+0000,41
42,121,612616258840297_788284151273506,Estamos unidos por el fútbol. Acepta y respeta la diversidad. #Copa100,https://fbcdn-vthumb-a.akamaihd.net/hvthumb-ak-xfp1/v/t15.0-10/s130x130/13481466_788284834606771_1687857267_n.jpg?oh=aa11728ed867a0f0bcf0148f4f81cc45&oe=582A8265&__gda__=1475144770_4099f905315b7586282ddf13b183d99e,https://www.facebook.com/2016CopaAmericaCentenario/videos/788284151273506/,,,,https://www.facebook.com/images/icons/video.gif,video,added_video,2016-06-26T17:01:15+0000,2016-06-26T23:27:24+0000,27
43,122,612616258840297_788284044606850,#GolesdeCopa100: 31' Bacca (COL): Carlos Bacca es el máximo goleador de la Selección Colombia - FCFSeleccionCol en el 2016 (5 goles).,https://fbcdn-vthumb-a.akamaihd.net/hvthumb-ak-xtf1/v/t15.0-10/s130x130/13481681_788284631273458_1681951613_n.jpg?oh=375aaa2d4f3079c5b3be82ef9539e007&oe=5828D15C&__gda__=1475973946_af70d85972c2031e23988827949b4a43,https://www.facebook.com/2016CopaAmericaCentenario/videos/788284044606850/,,,,https://www.facebook.com/images/icons/video.gif,video,added_video,2016-06-26T17:01:00+0000,2016-06-27T15:12:42+0000,61
44,123,612616258840297_788264721275449,Selección Chilena quer fazer história contra a AFA - Selección Argentina e levar bicampeonato: http://bit.ly/28WxpWe,https://fbcdn-photos-d-a.akamaihd.net/hphotos-ak-xtp1/v/t1.0-0/s130x130/13516322_788264721275449_5321251096905162039_n.jpg?oh=922e1d5adcd805717ca4ff054fecfb49&oe=583139FE&__gda__=1475915369_d9267f87d3e143b7974bae41ebd848b6,https://www.facebook.com/2016CopaAmericaCentenario/photos/a.688703801231542.1073741828.612616258840297/788264721275449/?type=3,Timeline Photos,,,https://www.facebook.com/images/icons/photo.gif,photo,added_photos,2016-06-26T16:30:10+0000,2016-06-26T23:30:22+0000,10
45,124,612616258840297_788264751275446,Selección Chilena confía en su sistema para repetir título de #CopaAmérica: http://bit.ly/28Wxvgs,https://fbexternal-a.akamaihd.net/safe_image.php?d=AQA0o6p1w3mpHn_l&w=130&h=130&url=http%3A%2F%2Fes.ca2016.com%2Fuploads%2F13%2F09%2FVargas3-1024x_.jpg%3Ftoken%3Db5656d38649852ebb536b1f42e5cdba2&cfs=1&sx=37&sy=0&sw=471&sh=471,http://bit.ly/28Wxvgs,Chile confía en su sistema para repetir título de Copa América,es.ca2016.com,"El partido del domingo en la final Copa América Centenario será el encuentro 89 entre Argentina y Chile, y la sexta ocasión que los dos equipos se miden en la final del histórico torneo. En esos 89 partidos, Argentina sólo ha perdido siete.",https://www.facebook.com/images/icons/post.gif,link,shared_story,2016-06-26T16:30:10+0000,2016-06-29T00:01:20+0000,89
46,125,612616258840297_788264737942114,Selección Chilena looks to make history with second-straight #CopaAmerica title: http://bit.ly/28WxgC9,https://fbexternal-a.akamaihd.net/safe_image.php?d=AQCRcRviYw-Z-Sdz&w=130&h=130&url=http%3A%2F%2Fwww.ca2016.com%2Fuploads%2F05%2F06%2FVargas3-1024x_.jpg%3Ftoken%3Db5656d38649852ebb536b1f42e5cdba2&cfs=1&sx=37&sy=0&sw=471&sh=471,http://bit.ly/28WxgC9,Chile looks to make history with second-straight Copa America title,www.ca2016.com,"Sunday evening's Copa America Centenario Final marks the 89 th meeting between Argentina and Chile. In those 89 clashes, Argentina has only lost seven. But La Albiceleste will need to get through the reigning champions to hoist the trophy for a record-tying 15 th time That's something they couldn't ...",https://www.facebook.com/images/icons/post.gif,link,shared_story,2016-06-26T16:30:09+0000,2016-06-28T02:07:31+0000,88
47,126,612616258840297_788249874610267,"Para àqueles que irão ao jogo da #CopaAmerica de hoje, confira a imagem abaixo antes das partidas. É importante que as regras para a entrada de sacolas nos estádios seja respeitada. #Copa100",https://fbcdn-photos-d-a.akamaihd.net/hphotos-ak-xpt1/v/t1.0-0/s130x130/13528910_788249874610267_6474743398491781643_n.png?oh=beb3083d23dea400b251f69e8c210419&oe=57FA2B1B&__gda__=1475796541_043822255309f65cdda8c18ccc0b0fdc,https://www.facebook.com/2016CopaAmericaCentenario/photos/a.688703801231542.1073741828.612616258840297/788249874610267/?type=3,Timeline Photos,,,https://www.facebook.com/images/icons/photo.gif,photo,added_photos,2016-06-26T16:00:13+0000,2016-06-26T16:41:26+0000,5
48,127,612616258840297_788249854610269,Heading to the #ARGvCHI Final tonight at MetLife Stadium? Don't forget the clear bag policy! #Copa100 #CopaAmerica,https://fbcdn-photos-b-a.akamaihd.net/hphotos-ak-xpf1/v/t1.0-0/s130x130/13516468_788249854610269_2658424834861541850_n.png?oh=46ebaeacd322ca7974045d901c0cdb54&oe=57F500CD&__gda__=1474977136_385ee88b13c97c11c17165469968a709,https://www.facebook.com/2016CopaAmericaCentenario/photos/a.688703801231542.1073741828.612616258840297/788249854610269/?type=3,Timeline Photos,,,https://www.facebook.com/images/icons/photo.gif,photo,added_photos,2016-06-26T16:00:11+0000,2016-06-26T16:56:18+0000,3
49,128,612616258840297_788249814610273,"¡Si vas a los partidos de #Copa100, no te olvides de la política de bolsas transparentes! ? 

Más información aquí: http://bit.ly/28WuxZp",https://fbcdn-photos-a-a.akamaihd.net/hphotos-ak-xaf1/v/t1.0-0/s130x130/13516420_788249814610273_8591672133572694238_n.png?oh=4ca75e01191e7d05c50164fae30f1ea9&oe=57ECC2B4&__gda__=1478925651_d2664a0041b462d57a4c6c94e8c31b59,https://www.facebook.com/2016CopaAmericaCentenario/photos/a.688703801231542.1073741828.612616258840297/788249814610273/?type=3,Timeline Photos,,,https://www.facebook.com/images/icons/photo.gif,photo,added_photos,2016-06-26T16:00:09+0000,2016-06-26T16:33:39+0000,4
50,129,612616258840297_788245584610696,"¿Quién crees que se llevará el #BalóndeOro de #Copa100, presentado por Mastercard?",https://fbcdn-photos-d-a.akamaihd.net/hphotos-ak-xpf1/v/t1.0-0/s130x130/13516606_788245584610696_5395177124080918599_n.png?oh=60abdf9625e7eee971fb60b27a640067&oe=57F3356F&__gda__=1475201490_11ee0d71554d008e9203e559f2bce494,https://www.facebook.com/2016CopaAmericaCentenario/photos/a.688703801231542.1073741828.612616258840297/788245584610696/?type=3,Timeline Photos,,,https://www.facebook.com/images/icons/photo.gif,photo,added_photos,2016-06-26T15:54:15+0000,2016-06-28T04:17:11+0000,76
51,130,612616258840297_788243297944258,Who do you think will win the #GoldenBall? Presented by Mastercard #Copa100,https://fbcdn-photos-d-a.akamaihd.net/hphotos-ak-xtp1/v/t1.0-0/s130x130/13524543_788243297944258_6843519541191640546_n.png?oh=b600822697395f9c38d7c3087ec36c9d&oe=57FC869D&__gda__=1479450890_5ee5de206f0044cfff73dfd31d5b5115,https://www.facebook.com/2016CopaAmericaCentenario/photos/a.688703801231542.1073741828.612616258840297/788243297944258/?type=3,Timeline Photos,,,https://www.facebook.com/images/icons/photo.gif,photo,added_photos,2016-06-26T15:52:35+0000,2016-06-28T12:04:37+0000,11
52,131,612616258840297_788229124612342,Hoje a AFA - Selección Argentina de Messi estará disputando o título da #CopaAmerica contra a Selección Chilena de Arturo Vidal! Quem será que vai ser o campeão? #ARGvCHI #Copa100,https://fbcdn-photos-c-a.akamaihd.net/hphotos-ak-xfa1/v/t1.0-0/s130x130/13521936_788229124612342_7935169644071019562_n.png?oh=9a4361ce0bfbd867d141ccf0bd179605&oe=57EAF06D&__gda__=1475536063_a5fff5ec1bbf530a91e6051cba194d0e,https://www.facebook.com/2016CopaAmericaCentenario/photos/a.688703801231542.1073741828.612616258840297/788229124612342/?type=3,Timeline Photos,,,https://www.facebook.com/images/icons/photo.gif,photo,added_photos,2016-06-26T15:30:10+0000,2016-06-27T20:35:20+0000,161
53,132,612616258840297_788229094612345,AFA - Selección Argentina will take on Selección Chilena in the #Copa100 Final at 8:00 PM EST on FS1 and Univision Deportes. Will you be watching? #ARGvCHI,https://fbcdn-photos-a-a.akamaihd.net/hphotos-ak-xta1/v/t1.0-0/s130x130/13557751_788229094612345_5281677262291733964_n.png?oh=3df663bd3d94f8ba30b254f072b1a3cf&oe=5828737D&__gda__=1475780104_086907a612cbb59c4827a9b751098a3c,https://www.facebook.com/2016CopaAmericaCentenario/photos/a.688703801231542.1073741828.612616258840297/788229094612345/?type=3,Timeline Photos,,,https://www.facebook.com/images/icons/photo.gif,photo,added_photos,2016-06-26T15:30:09+0000,2016-06-27T05:25:09+0000,220
54,133,612616258840297_788229097945678,??? ¡LA GRAN FINAL! Hoy la AFA - Selección Argentina de Leo Messi se enfrenta a la Selección Chilena de Arturo Vidal. ¿Quién será el campeón de la Copa América Centenario 2016. #ARGvCHI #Copa100,https://fbcdn-photos-a-a.akamaihd.net/hphotos-ak-xft1/v/t1.0-0/s130x130/13501872_788229097945678_4747505735463081685_n.png?oh=f9a43f32dfdfce53e6dcbf1619d739ad&oe=5829ECF9&__gda__=1476264939_9e6f12a71c2955f597d5ee3890ed3b63,https://www.facebook.com/2016CopaAmericaCentenario/photos/a.688703801231542.1073741828.612616258840297/788229097945678/?type=3,Timeline Photos,,,https://www.facebook.com/images/icons/photo.gif,photo,added_photos,2016-06-26T15:30:09+0000,2016-06-28T18:05:52+0000,900
55,134,612616258840297_788215797947008,Get ready for the #Copa100 Final with our mobile app! Download it here: http://bit.ly/28Wp18S,https://fbcdn-photos-a-a.akamaihd.net/hphotos-ak-xap1/v/t1.0-0/s130x130/13511956_788215797947008_2460127928156179776_n.png?oh=a3a4a59c40887aeacd1a50ae804f729b&oe=57FCB61F&__gda__=1475001921_37151ab6abba2c4c78e77306d4329e73,https://www.facebook.com/2016CopaAmericaCentenario/photos/a.688703801231542.1073741828.612616258840297/788215797947008/?type=3,Timeline Photos,,,https://www.facebook.com/images/icons/photo.gif,photo,added_photos,2016-06-26T15:00:14+0000,2016-06-26T15:00:14+0000,10
56,135,612616258840297_788215891280332,"Baixando o nosso app você acessa todo o conteúdo sobre a #CopaAmerica. Lá tem gritos de torcida, fotos, tabelas, e muito mais! Baixe agora para Android ou iOS. #Copa100


http://bit.ly/28Wp9Fx",https://fbexternal-a.akamaihd.net/safe_image.php?d=AQDqUG2SkXiU7K1G&w=130&h=130&url=http%3A%2F%2Fpt.ca2016.com%2Fimg%2Fapp%2Fphone-es.png&cfs=1,http://bit.ly/28Wp9Fx,Baixe agora o APP oficial da Copa America Centenario!,pt.ca2016.com,Baixe aqui!,https://www.facebook.com/images/icons/post.gif,link,shared_story,2016-06-26T15:00:14+0000,2016-06-26T16:52:48+0000,3
57,136,612616258840297_788215754613679,"¡Si no te quieres perder toda la emoción de #Copa100, asegúrate de descargar nuestro app oficial! ¡Todo lo que necesitas en la punta de tus dedos! ???? Descárgalo aquí: http://bit.ly/28VHnL0",https://fbexternal-a.akamaihd.net/safe_image.php?d=AQDmxm7wvaR6ddTh&w=130&h=130&url=http%3A%2F%2Fes.ca2016.com%2Fimg%2Fapp%2Fphone-es.png&cfs=1,http://bit.ly/28VHnL0,COPA America Centenario | USA 2016,es.ca2016.com,"La Copa América Centenario marca los 100 años de uno de los torneos más antiguos del fútbol a nivel mundial. El evento se llevará a cabo en 10 ciudades a través de los Estados Unidos del 3-26 de junio, 2016, y será la primera vez que se realice fuera de Sudamérica.",https://www.facebook.com/images/icons/post.gif,link,shared_story,2016-06-26T15:00:08+0000,2016-06-26T16:26:27+0000,4
58,137,612616258840297_788210644614190,What you need to know if you are heading to the #CopaAmerica Final tonight. Please share!,https://fbexternal-a.akamaihd.net/safe_image.php?d=AQAqpaXUUinBChfF&w=130&h=130&url=http%3A%2F%2Fimage.nj.com%2Fhome%2Fnjo-media%2Fwidth620%2Fimg%2Fnj_soccer%2Fphoto%2F20640695-standard.jpg&cfs=1&sx=121&sy=0&sw=427&sh=427,http://www.nj.com/soccer-news/index.ssf/2016/06/going_to_metlife_stadium_sunday_for_2016_copa_amer.html,Going to MetLife Stadium Sunday for 2016 Copa America Finals? Here's what you need to know,nj.com,What you need to know about the 2016 Copa America Finals at MetLife Stadium,https://www.facebook.com/images/icons/post.gif,link,shared_story,2016-06-26T14:55:16+0000,2016-06-26T14:55:16+0000,57
59,138,612616258840297_788204704614784,Today is the day! Who do you think will triumph in the battle for the Copa America Centenario trophy? Will AFA - Selección Argentina get their first major title since 1993? Will Selección Chilena get their second consecutive #CopaAmerica title? We can't wait to find out!  #ARGvCHI #Copa100,https://fbcdn-vthumb-a.akamaihd.net/hvthumb-ak-xpt1/v/t15.0-10/s130x130/13481609_788205271281394_1302981264_n.jpg?oh=18fdce9b10fc8773cd12bdbe9e1df992&oe=58342008&__gda__=1479112771_478c95ee027f879506783a839f0c12ee,https://www.facebook.com/2016CopaAmericaCentenario/videos/788204704614784/,,,,https://www.facebook.com/images/icons/video.gif,video,added_video,2016-06-26T14:50:13+0000,2016-06-27T04:29:50+0000,1245
60,139,612616258840297_788172734617981,The stage for tonight's #copa100 Final is set. ?? vs. ?? #CopaAmerica #360,https://fbcdn-vthumb-a.akamaihd.net/hvthumb-ak-xfp1/v/t15.0-10/s130x130/13538087_788173921284529_1880032576_n.jpg?oh=6d34c8dce9beab624a70ce983c4fb038&oe=57F82CD8&__gda__=1475331071_cdc9d00bb3e9f4dcac5cffad115def67,https://www.facebook.com/2016CopaAmericaCentenario/videos/788172734617981/,,,,https://www.facebook.com/images/icons/video.gif,video,added_video,2016-06-26T14:11:29+0000,2016-07-09T20:22:13+0000,2783
61,140,612616258840297_788168694618385,Tune into FS1  or Univision  at 8pm ET to watch tonight's #ARGvCHI Final! #Copa100,https://fbcdn-photos-c-a.akamaihd.net/hphotos-ak-xfa1/v/t1.0-0/s130x130/13516173_788168694618385_5146036572424461942_n.png?oh=647c52da947e42fcb7d905787cb36ccf&oe=5833D169&__gda__=1475242171_b8567a1ad912e26ad3be3ed4f203d60f,https://www.facebook.com/2016CopaAmericaCentenario/photos/a.688703801231542.1073741828.612616258840297/788168694618385/?type=3,Timeline Photos,,,https://www.facebook.com/images/icons/photo.gif,photo,added_photos,2016-06-26T14:00:10+0000,2016-06-26T14:00:10+0000,829
62,141,612616258840297_788168667951721,"Não percam a final dessa #CopaAmerica com a grande revanche entre AFA - Selección Argentina e a Selección Chilena pelo título! No Brasil, o SporTV estará transmitindo esse jogão às 19:30h horário de Brasília. #ARGvCHI #Copa100",https://fbcdn-photos-d-a.akamaihd.net/hphotos-ak-xpt1/v/t1.0-0/s130x130/13434864_788168667951721_1438504369512235267_n.png?oh=ca5c827b6877027530962f214b652096&oe=58364225&__gda__=1475560195_8e73adc76f59c0596e7b3f3e7fb8a5d1,https://www.facebook.com/2016CopaAmericaCentenario/photos/a.688703801231542.1073741828.612616258840297/788168667951721/?type=3,Timeline Photos,,,https://www.facebook.com/images/icons/photo.gif,photo,added_photos,2016-06-26T14:00:09+0000,2016-06-27T00:04:43+0000,60
63,142,612616258840297_788168657951722,¡Buenos días! ¡Hoy se juega la gran final de #Copa100! La AFA - Selección Argentina  y la Selección Chilena están a tan sólo un paso de ser campeones! ¡Síguela a las 8pm ET por FS1 y Univision!,https://fbcdn-photos-c-a.akamaihd.net/hphotos-ak-xtf1/v/t1.0-0/s130x130/13524544_788168657951722_554365614831365060_n.png?oh=efe2a76e6a82ec5199146c1b17aa0595&oe=57F935CD&__gda__=1475418984_ecbe710a501141809383baf1ed6de0a2,https://www.facebook.com/2016CopaAmericaCentenario/photos/a.688703801231542.1073741828.612616258840297/788168657951722/?type=3,Timeline Photos,,,https://www.facebook.com/images/icons/photo.gif,photo,added_photos,2016-06-26T14:00:08+0000,2016-06-30T04:32:08+0000,1178
64,143,612616258840297_787966867971901,"Selección Colombia - FCFSeleccionCol Mixed Zone at University of Phoenix Stadium in Glendale, AZ",https://fbcdn-vthumb-a.akamaihd.net/hvthumb-ak-xfp1/v/t15.0-10/p130x130/13538090_787970187971569_535496619_n.jpg?oh=2fa88e8fccacfe07480e72a40781f6bb&oe=582709BF&__gda__=1479402008_b028b0d1ece959b528322eef771411d7,https://www.facebook.com/2016CopaAmericaCentenario/videos/787966867971901/,,,,https://www.facebook.com/images/icons/video.gif,video,added_video,2016-06-26T03:36:35+0000,2016-06-27T14:30:33+0000,46
65,144,612616258840297_787960571305864,#Colombia sí que sabe defender el corazón de su país #SentirseCampeon #CopaAmerica Mastercard,https://fbcdn-photos-c-a.akamaihd.net/hphotos-ak-xft1/v/t1.0-0/s130x130/13516621_787960571305864_7857266174317083546_n.png?oh=cc88da7eb5eb32afb68a0643c5b0902c&oe=57F66310&__gda__=1478959874_ba13750b206c4e9b954876fc590f3221,https://www.facebook.com/2016CopaAmericaCentenario/photos/a.688703801231542.1073741828.612616258840297/787960571305864/?type=3,Timeline Photos,,,https://www.facebook.com/images/icons/photo.gif,photo,added_photos,2016-06-26T03:20:15+0000,2016-06-27T03:41:52+0000,24
66,145,612616258840297_787956997972888,This is the Mastercard priceless moment of the day!,https://fbcdn-photos-c-a.akamaihd.net/hphotos-ak-xft1/v/t1.0-0/s130x130/13516544_787956997972888_191117292155139202_n.png?oh=4b7dcd5b772ed89d6d3788d620b8ab42&oe=58264FEA&__gda__=1476046453_d011008d6790ea72137d15a1776aeae9,https://www.facebook.com/2016CopaAmericaCentenario/photos/a.688703801231542.1073741828.612616258840297/787956997972888/?type=3,Timeline Photos,,,https://www.facebook.com/images/icons/photo.gif,photo,added_photos,2016-06-26T03:11:59+0000,2016-06-28T02:09:30+0000,16
67,146,612616258840297_787956671306254,"Check out the official Emojis of #Copa100: thumbkandi.com/copa2016
#officialcopaemoji",https://fbcdn-vthumb-a.akamaihd.net/hvthumb-ak-xpf1/v/t15.0-10/s130x130/12525719_1124950217527228_1763246446_n.jpg?oh=5e364455922e1fd2557d199d0af54dfb&oe=58266AEC&__gda__=1475919316_38809eb2077d47065c8e9101be1d1d71,https://www.facebook.com/Thumbkandi/videos/1124941980861385/,Thumbkandi,,"Kick off Copa América Centenario 2016 and share the emoji fun! 
The Official Copa América Centenario 2016 Emoji-Sticker Collection has arrived.

Download now! thumbkandi.com/copa2016

 #copamerica #CA2016 #copaemojis #socceremoji",,video,added_video,2016-06-26T03:09:46+0000,2016-06-26T17:05:22+0000,
68,147,612616258840297_787944127974175,CAC 2016 Post Match Interviews & Press Conference,https://fbcdn-vthumb-a.akamaihd.net/hvthumb-ak-xaf1/v/t15.0-10/s130x130/13538026_787952961306625_2021423183_n.jpg?oh=2043fe8659d0f72a83240c9ed9ba2fe4&oe=57F683A5&__gda__=1476273235_c00ccec5584a7e50a0af3a108b14c651,https://www.facebook.com/2016CopaAmericaCentenario/videos/787944127974175/,,,,https://www.facebook.com/images/icons/video.gif,video,added_video,2016-06-26T02:48:55+0000,2016-06-30T23:28:18+0000,77
69,148,612616258840297_787938564641398,"U.S. Soccer Mixed Zone at University of Phoenix Stadium in Glendale, AZ",https://fbcdn-vthumb-a.akamaihd.net/hvthumb-ak-xfp1/v/t15.0-10/p130x130/13481558_787942191307702_546221012_n.jpg?oh=9d6a7214e8d49e5fb11b1055834a79fc&oe=58309553&__gda__=1475300340_c0bb5875f1cd58e78eb9d36ba9d99c32,https://www.facebook.com/2016CopaAmericaCentenario/videos/787938564641398/,,,,https://www.facebook.com/images/icons/video.gif,video,added_video,2016-06-26T02:41:23+0000,2016-06-27T16:38:50+0000,36
70,149,612616258840297_787938617974726,"Parabéns para David Ospina de Selección Colombia - FCFSeleccionCol, O Melhor Jogador Budweiser da Partida! Acesse pt.ca2016.com/awards para ver todos os jogadores que ganharam o prêmio #Copa100",https://fbcdn-photos-c-a.akamaihd.net/hphotos-ak-xfa1/v/t1.0-0/s130x130/13494987_787938617974726_2875789319174418743_n.jpg?oh=d0e8db6e55b8c153b1c7815f08c4f8a9&oe=57FD76AF&__gda__=1479495549_9284ba9711210fdfb07940eec066d550,https://www.facebook.com/2016CopaAmericaCentenario/photos/a.688703801231542.1073741828.612616258840297/787938617974726/?type=3,Timeline Photos,,,https://www.facebook.com/images/icons/photo.gif,photo,added_photos,2016-06-26T02:41:19+0000,2016-06-27T17:57:53+0000,85
71,150,612616258840297_787938317974756,"¡Felicitaciones a David Ospina del Selección Colombia - FCFSeleccionCol, Jugador del Partido de Budweiser! Visita es.ca2016.com/awards para conocer a todos los ganadores del premio #Copa100",https://fbcdn-photos-c-a.akamaihd.net/hphotos-ak-xfa1/v/t1.0-0/s130x130/13506992_787938317974756_7616221185432543647_n.jpg?oh=783c0a413bcfd9c9e46a3b0cc5b136ba&oe=57F8FD79&__gda__=1475435179_9833eb936942721e3e6a122c4bbde4ae,https://www.facebook.com/2016CopaAmericaCentenario/photos/a.688703801231542.1073741828.612616258840297/787938317974756/?type=3,Timeline Photos,,,https://www.facebook.com/images/icons/photo.gif,photo,added_photos,2016-06-26T02:40:41+0000,2016-06-26T14:12:04+0000,36
72,151,612616258840297_787937994641455,"Congratulations to Selección Colombia - FCFSeleccionCol's David Ospina, the Budweiser Man of the Match! Visit http://www.ca2016.com/awards to see all of the award winners #Copa100",https://fbcdn-photos-b-a.akamaihd.net/hphotos-ak-xtf1/v/t1.0-0/s130x130/13528835_787937994641455_7978593985822653887_n.jpg?oh=a6e9f191dda309feb740dbfd62b79e37&oe=582C2128&__gda__=1475129862_27200aa65270c896d09b99cab779fcc8,https://www.facebook.com/2016CopaAmericaCentenario/photos/a.688703801231542.1073741828.612616258840297/787937994641455/?type=3,Timeline Photos,,,https://www.facebook.com/images/icons/photo.gif,photo,added_photos,2016-06-26T02:40:01+0000,2016-06-26T14:12:15+0000,31
73,152,612616258840297_787930141308907,CAC 2016 Post Match Interviews & Press Conference,https://fbcdn-vthumb-a.akamaihd.net/hvthumb-ak-xft1/v/t15.0-10/s130x130/13538060_787936344641620_1954810600_n.jpg?oh=b4ee1617d9c817953edaede46ec4e529&oe=5826429A&__gda__=1479264298_ed215956ade22df4540ad2c31571d7c8,https://www.facebook.com/2016CopaAmericaCentenario/videos/787930141308907/,,,,https://www.facebook.com/images/icons/video.gif,video,added_video,2016-06-26T02:28:49+0000,2016-06-29T00:14:47+0000,65
74,153,612616258840297_787929107975677,Here are the final stats from the #USAvCOL match. #Copa100,https://fbcdn-photos-c-a.akamaihd.net/hphotos-ak-xaf1/v/t1.0-0/s130x130/13438947_787929107975677_7438751165301364464_n.jpg?oh=e79de5689b32aa5fa5068182cb46a7c6&oe=57F5369B&__gda__=1475998588_ce14f47d4653ae6bb13a9302abefffa4,https://www.facebook.com/2016CopaAmericaCentenario/photos/a.688703801231542.1073741828.612616258840297/787929107975677/?type=3,Timeline Photos,,,https://www.facebook.com/images/icons/photo.gif,photo,added_photos,2016-06-26T02:26:44+0000,2016-06-26T02:26:44+0000,157
75,154,612616258840297_787927277975860,Estas fueron las estadísticas del partido #USAvCOL en #Copa100.,https://fbcdn-photos-b-a.akamaihd.net/hphotos-ak-xap1/v/t1.0-0/s130x130/13508854_787927277975860_4624457944252365990_n.jpg?oh=6630626f0b5948011d8b1a2c6cf55aab&oe=582AA49D&__gda__=1480006083_29775717b9706f49e863784b9bb42d12,https://www.facebook.com/2016CopaAmericaCentenario/photos/a.688703801231542.1073741828.612616258840297/787927277975860/?type=3,Timeline Photos,,,https://www.facebook.com/images/icons/photo.gif,photo,added_photos,2016-06-26T02:24:02+0000,2016-06-27T04:50:02+0000,53
76,155,612616258840297_787926131309308,Confiram as estatísticas da partida de hoje! #USAvCOL #Copa100,https://fbcdn-photos-b-a.akamaihd.net/hphotos-ak-xfp1/v/t1.0-0/s130x130/13516343_787926131309308_7405197993935964581_n.jpg?oh=de431876ce28f8f536b639b49803bcbf&oe=5832F5B7&__gda__=1479468679_0d8b1e5420a2d5578bb64cf69bc45537,https://www.facebook.com/2016CopaAmericaCentenario/photos/a.688703801231542.1073741828.612616258840297/787926131309308/?type=3,Timeline Photos,,,https://www.facebook.com/images/icons/photo.gif,photo,added_photos,2016-06-26T02:22:06+0000,2016-06-26T02:22:06+0000,11
77,156,612616258840297_787926134642641,Confiram as estatísticas da partida de hoje! #USAvCOL #Copa100,https://fbcdn-photos-d-a.akamaihd.net/hphotos-ak-xap1/v/t1.0-0/s130x130/13510759_787926134642641_6523487567946423101_n.jpg?oh=ba92a731d4d71923c34863df932771b0&oe=58364691&__gda__=1479233999_7056c56255929d7a2a21c863a7884749,https://www.facebook.com/2016CopaAmericaCentenario/photos/a.688703801231542.1073741828.612616258840297/787926134642641/?type=3,Timeline Photos,,,https://www.facebook.com/images/icons/photo.gif,photo,added_photos,2016-06-26T02:22:06+0000,2016-06-26T13:39:27+0000,15
78,157,612616258840297_787925694642685,"What a match! Look at some of the top photos from #USAvCOL

¡Vaya partido! Dale una mirada a las mejores imágenes del #USAvCOL

Que jogaço! Veja aqui algumas das melhores fotos de #USAvCOL",https://fbcdn-photos-c-a.akamaihd.net/hphotos-ak-xfa1/v/t1.0-0/s130x130/13502014_787924424642812_512653157357937045_n.jpg?oh=2ed8f353f2b1f2b77f4de4e05e2be806&oe=583585BE&__gda__=1475795408_28e3c371bae4a1a668ed8a6b8fd49813,https://www.facebook.com/2016CopaAmericaCentenario/photos/a.688703801231542.1073741828.612616258840297/787924424642812/?type=3,Photos from Copa América Centenario 2016's post,,,https://www.facebook.com/images/icons/photo.gif,photo,added_photos,2016-06-26T02:21:36+0000,2016-06-27T17:52:25+0000,265
79,158,612616258840297_787918944643360,¡Felicidades a la Selección Colombia - FCFSeleccionCol por lograr el 3er lugar en #Copa100! Esta fue su mejor actuación en una #CopaAmerica desde 2001.,https://fbcdn-photos-c-a.akamaihd.net/hphotos-ak-xfa1/v/t1.0-0/s130x130/13537699_787918944643360_7822829605831562533_n.png?oh=1c8090a1f89c4575b3e064dfe331c713&oe=57F4C2BD&__gda__=1479167599_deddd522c1483a8ba77af57d7f799d46,https://www.facebook.com/2016CopaAmericaCentenario/photos/a.688703801231542.1073741828.612616258840297/787918944643360/?type=3,Timeline Photos,,,https://www.facebook.com/images/icons/photo.gif,photo,added_photos,2016-06-26T02:13:13+0000,2016-07-03T03:45:36+0000,1128
80,159,612616258840297_787917731310148,¡Final del partido! La Selección Colombia - FCFSeleccionCol gana 0-1. ¡Felicidades a ambos equipos por un partido bien luchado! #USAvCOL,https://fbcdn-photos-a-a.akamaihd.net/hphotos-ak-xaf1/v/t1.0-0/s130x130/13502021_787917731310148_780357639946511507_n.png?oh=4ccd19703bdc32efbecffde7f61fd1a8&oe=5829F145&__gda__=1479035680_941acf01744923a4ae42fb7a377b2f1e,https://www.facebook.com/2016CopaAmericaCentenario/photos/a.688703801231542.1073741828.612616258840297/787917731310148/?type=3,Timeline Photos,,,https://www.facebook.com/images/icons/photo.gif,photo,added_photos,2016-06-26T02:11:41+0000,2016-06-27T05:54:09+0000,252
81,160,612616258840297_787917041310217,Parabéns Selección Colombia - FCFSeleccionCol por essa vitória! É a maior colocação do time desde 2001! #LosCafeteros #Copa100,https://fbcdn-photos-b-a.akamaihd.net/hphotos-ak-xfp1/v/t1.0-0/s130x130/13510868_787917041310217_3554145991282763844_n.png?oh=1c5e46ae81301f153e85ee9834564f7f&oe=57F37CA0&__gda__=1475499408_ee7242dbf446a3e0b38a9db976cf28b8,https://www.facebook.com/2016CopaAmericaCentenario/photos/a.688703801231542.1073741828.612616258840297/787917041310217/?type=3,Timeline Photos,,,https://www.facebook.com/images/icons/photo.gif,photo,added_photos,2016-06-26T02:10:56+0000,2016-06-26T04:09:53+0000,22
82,161,612616258840297_787915671310354,Congrats to Selección Colombia - FCFSeleccionCol. This is their highest finish since 2001! #USAvCOL #Copa100,https://fbcdn-photos-a-a.akamaihd.net/hphotos-ak-xfa1/v/t1.0-0/s130x130/13508929_787915671310354_3960601984361577153_n.png?oh=91ddb8697af0e94c962b26d4edafb3f9&oe=582D6093&__gda__=1479121473_3fa673f4fce5feea2ef668c74e94c5d7,https://www.facebook.com/2016CopaAmericaCentenario/photos/a.688703801231542.1073741828.612616258840297/787915671310354/?type=3,Timeline Photos,,,https://www.facebook.com/images/icons/photo.gif,photo,added_photos,2016-06-26T02:09:47+0000,2016-06-26T02:09:47+0000,196
83,162,612616258840297_787914321310489,CAC 2016 Post Match Interviews & Press Conference,https://fbcdn-vthumb-a.akamaihd.net/hvthumb-ak-xfa1/v/t15.0-10/s130x130/13537995_787915271310394_250897635_n.jpg?oh=3fbadcb859c67c6767d865aaca89983d&oe=57F28D70&__gda__=1479825676_4616bd546c6af37083d0c60dbbb84a6b,https://www.facebook.com/2016CopaAmericaCentenario/videos/787914321310489/,,,,https://www.facebook.com/images/icons/video.gif,video,added_video,2016-06-26T02:08:22+0000,2016-06-27T17:09:05+0000,81
84,163,612616258840297_787914304643824,"E assim acaba a partida! Selección Colombia - FCFSeleccionCol foi vitoriosa e conquistou o 3º lugar na #CopaAmerica, enquanto U.S. Soccer acabou em 4º. Parabéns aos dois times pelo seu desempenho e esforço nesse campeonato! #USAvCOL #Copa100",https://fbcdn-photos-a-a.akamaihd.net/hphotos-ak-xat1/v/t1.0-0/s130x130/13533093_787914304643824_7737636520452437150_n.png?oh=d805ddd17775bff1df8a910dbe0462b9&oe=57F07088&__gda__=1479619060_d3c96a7852b085d1cc55321192648747,https://www.facebook.com/2016CopaAmericaCentenario/photos/a.688703801231542.1073741828.612616258840297/787914304643824/?type=3,Timeline Photos,,,https://www.facebook.com/images/icons/photo.gif,photo,added_photos,2016-06-26T02:08:15+0000,2016-06-26T02:08:15+0000,23
85,164,612616258840297_787913657977222,Congratulations to U.S. Soccer and Selección Colombia - FCFSeleccionCol on a hard fought match. #USAvCOL #Copa100,https://fbcdn-photos-c-a.akamaihd.net/hphotos-ak-xfa1/v/t1.0-0/s130x130/13532987_787913657977222_8660892345543808822_n.png?oh=159b5fb1e92145c754f48ced281d6fd1&oe=582E91CD&__gda__=1479319583_b924050c5d98714bc71307ceaae7a6fd,https://www.facebook.com/2016CopaAmericaCentenario/photos/a.688703801231542.1073741828.612616258840297/787913657977222/?type=3,Timeline Photos,,,https://www.facebook.com/images/icons/photo.gif,photo,added_photos,2016-06-26T02:07:24+0000,2016-06-27T03:15:16+0000,213
86,165,612616258840297_787911247977463,CAC 2016 Post Match Interviews & Press Conference,https://fbcdn-vthumb-a.akamaihd.net/hvthumb-ak-xat1/v/t15.0-10/s130x130/13481588_787911964644058_10510902_n.jpg?oh=98706ed7631e17e9d65644522c5f1791&oe=57EBCC5B&__gda__=1475433372_d0429b66551cf374bf24d631ac032659,https://www.facebook.com/2016CopaAmericaCentenario/videos/787911247977463/,,,,https://www.facebook.com/images/icons/video.gif,video,added_video,2016-06-26T02:04:58+0000,2016-06-26T02:04:58+0000,64
87,166,612616258840297_787910474644207,Live with #BudMOTM David Ospina of Selección Colombia - FCFSeleccionCol - #Copa100,https://fbcdn-vthumb-a.akamaihd.net/hvthumb-ak-xfa1/v/t15.0-10/p130x130/13538358_787923471309574_655584749_n.jpg?oh=c0c802239e321c89f9eaafe7f651f372&oe=57F9780F&__gda__=1479486067_6bd03f12133340ac78dc9e80ec4b472f,https://www.facebook.com/2016CopaAmericaCentenario/videos/787910474644207/,,,,https://www.facebook.com/images/icons/video.gif,video,added_video,2016-06-26T02:04:51+0000,2016-06-28T04:52:54+0000,374
88,167,612616258840297_787906321311289,"¡No olvides elegir a tu jugador favorito del partido! Puedes votar por nuestro sitio oficial, Twitter o el app de #Copa100. #USAvCOL",https://fbcdn-photos-c-a.akamaihd.net/hphotos-ak-xaf1/v/t1.0-0/s130x130/13537613_787906321311289_6485074033000247896_n.jpg?oh=81974d8bd13e5438486872a534e9efd0&oe=57F8989E&__gda__=1479860345_995cf9274d3a3d35aca05d26c7ea2b29,https://www.facebook.com/2016CopaAmericaCentenario/photos/a.688703801231542.1073741828.612616258840297/787906321311289/?type=3,Timeline Photos,,,https://www.facebook.com/images/icons/photo.gif,photo,added_photos,2016-06-26T01:50:17+0000,2016-06-27T15:14:31+0000,30
89,168,612616258840297_787904404644814,A votação para o Melhor Jogador Budweiser da Partida começou! Qual craque merece essa honra? Acesse pt.CA2016.com para votar #BudMOTM | U.S. Soccer v Selección Colombia - FCFSeleccionCol,https://fbcdn-photos-d-a.akamaihd.net/hphotos-ak-xpa1/v/t1.0-0/s130x130/13495138_787904404644814_2376064678164814744_n.png?oh=d40437c60070cf22929cd187cfc08b8c&oe=582855D2&__gda__=1475298100_fb0b4aba470e4ff7462e0cd6b00e3dcb,https://www.facebook.com/2016CopaAmericaCentenario/photos/a.688703801231542.1073741828.612616258840297/787904404644814/?type=3,Timeline Photos,,,https://www.facebook.com/images/icons/photo.gif,photo,added_photos,2016-06-26T01:43:41+0000,2016-06-26T20:52:03+0000,8
90,169,612616258840297_787904287978159,"¡Está abierta la votación para el Jugador del Partido de Budweiser! ¿Quién recibirá el honor por su desempeño?
Visita es.CA2016.com para dejar tu voto #BudMOTM | U.S. Soccer v Selección Colombia - FCFSeleccionCol",https://fbcdn-photos-c-a.akamaihd.net/hphotos-ak-xft1/v/t1.0-0/s130x130/13512179_787904287978159_251098789537245433_n.png?oh=74c48a35ac6f95c4bfac00873d1d57ca&oe=57F3E1EB&__gda__=1475092596_63198be81606d1a25258c5912102331b,https://www.facebook.com/2016CopaAmericaCentenario/photos/a.688703801231542.1073741828.612616258840297/787904287978159/?type=3,Timeline Photos,,,https://www.facebook.com/images/icons/photo.gif,photo,added_photos,2016-06-26T01:43:13+0000,2016-06-26T01:43:13+0000,4
91,170,612616258840297_787903844644870,"Voting for the Budweiser Man of the Match is now open! Whose performance will earn the honor?
Visit CA2016.com to cast your vote #BudMOTM | U.S. Soccer v Selección Colombia - FCFSeleccionCol",https://fbcdn-photos-d-a.akamaihd.net/hphotos-ak-xpf1/v/t1.0-0/s130x130/13516601_787903844644870_2579064754476761289_n.png?oh=966b1dc395b44d4dba9f83b37a06354a&oe=57EE7E12&__gda__=1476091823_de791f8b766ff74249544ca672a20a2d,https://www.facebook.com/2016CopaAmericaCentenario/photos/a.688703801231542.1073741828.612616258840297/787903844644870/?type=3,Timeline Photos,,,https://www.facebook.com/images/icons/photo.gif,photo,added_photos,2016-06-26T01:42:15+0000,2016-06-26T01:42:30+0000,3
92,171,612616258840297_787902554644999,Vote for who you think played the best! Select a player below to vote for your Budweiser Man of the Match | U.S. Soccer v Selección Colombia - FCFSeleccionCol #BudMOTM,,,,,,,status,mobile_status_update,2016-06-26T01:38:00+0000,2016-06-27T03:46:13+0000,19
93,172,612616258840297_786749908093597,Budweiser Man of the Match Voting begins in 10 minutes! Visit CA2016.com or the Copa América Centenario 2016 Facebook page to vote  | U.S. Soccer v Selección Colombia - FCFSeleccionCol #BudMOTM,https://fbcdn-photos-b-a.akamaihd.net/hphotos-ak-xpt1/v/t1.0-0/s130x130/13533313_786749908093597_6009087133120567070_n.png?oh=6144ee3ec08727fac0ade019893ad271&oe=57E9CE0F&__gda__=1475746089_1d46dc9fb375c19f9b9c171f9faaa397,https://www.facebook.com/2016CopaAmericaCentenario/photos/a.688703801231542.1073741828.612616258840297/786749908093597/?type=3,Timeline Photos,,,https://www.facebook.com/images/icons/photo.gif,photo,added_photos,2016-06-26T01:25:44+0000,2016-06-26T01:25:44+0000,1
94,173,612616258840297_786750134760241,¡La votación para el Jugador del Partido de Budweiser comienza en 10 minutos! Visita es.CA2016.com o la página de Facebook Copa América Centenario 2016 para votar | U.S. Soccer v Selección Colombia - FCFSeleccionCol  #BudMOTM,https://fbcdn-photos-c-a.akamaihd.net/hphotos-ak-xft1/v/t1.0-0/s130x130/13524435_786750134760241_6643223644085010892_n.png?oh=1061af2cb171f4b1f7edb724711cba8c&oe=582F7B3D&__gda__=1475717167_dd146ab7cb8c985e71bc1c89fedf8fa1,https://www.facebook.com/2016CopaAmericaCentenario/photos/a.688703801231542.1073741828.612616258840297/786750134760241/?type=3,Timeline Photos,,,https://www.facebook.com/images/icons/photo.gif,photo,added_photos,2016-06-26T01:25:44+0000,2016-06-26T06:44:24+0000,3
95,174,612616258840297_786750754760179,A Votação para o Melhor em Campo Budweiser começa em 10 minutos! Vote pelo site pt.CA2016.com ou em nossa página no Facebook Copa América Centenario 2016 | U.S. Soccer v Selección Colombia - FCFSeleccionCol #BudMOTM,https://fbcdn-photos-d-a.akamaihd.net/hphotos-ak-xpt1/v/t1.0-0/s130x130/13532917_786750754760179_7111477894627401983_n.png?oh=aa78871db02d2388db916d873d4bce95&oe=5832EA8B&__gda__=1475777965_3312a710f88bcace6d97c0bad430ab92,https://www.facebook.com/2016CopaAmericaCentenario/photos/a.688703801231542.1073741828.612616258840297/786750754760179/?type=3,Timeline Photos,,,https://www.facebook.com/images/icons/photo.gif,photo,added_photos,2016-06-26T01:25:44+0000,2016-06-26T01:25:44+0000,1
96,175,612616258840297_787884534646801,Acaba o primeiro tempo da partida com a Selección Colombia - FCFSeleccionCol liderando por 1-0! A Colômbia nunca perdeu uma partida da #CopaAmerica em que eles estavam liderando por 1-0 no primeiro tempo! #USAvCOL #Copa100,https://fbcdn-photos-a-a.akamaihd.net/hphotos-ak-xpa1/v/t1.0-0/s130x130/13516244_787884534646801_9071276580989831806_n.png?oh=ff280ca237d12f18106b620c80748af1&oe=57FD545B&__gda__=1475272637_32b69f992c43a8475b7d3556541bb883,https://www.facebook.com/2016CopaAmericaCentenario/photos/a.688703801231542.1073741828.612616258840297/787884534646801/?type=3,Timeline Photos,,,https://www.facebook.com/images/icons/photo.gif,photo,added_photos,2016-06-26T00:59:13+0000,2016-06-26T11:57:50+0000,146
97,176,612616258840297_787883794646875,¡Medio tiempo en #USAvCOL! La Selección Colombia - FCFSeleccionCol nunca ha perdido cuando va ganando 1-0 al descanso de un partido en #CopaAmerica. #Copa100,https://fbcdn-photos-b-a.akamaihd.net/hphotos-ak-xap1/v/t1.0-0/s130x130/13533275_787883794646875_202917792439465718_n.png?oh=06947d7ebb6e44174b04a50c8c6f5b1d&oe=57F4641C&__gda__=1476166197_5134fe7286aeb968a70ce0093568b268,https://www.facebook.com/2016CopaAmericaCentenario/photos/a.688703801231542.1073741828.612616258840297/787883794646875/?type=3,Timeline Photos,,,https://www.facebook.com/images/icons/photo.gif,photo,added_photos,2016-06-26T00:58:24+0000,2016-06-27T03:00:06+0000,193
98,177,612616258840297_787883577980230,Selección Colombia - FCFSeleccionCol has never lost when leading 1-0 at halftime in a #CopaAmerica match! #USAvCOL #Copa100,https://fbcdn-photos-b-a.akamaihd.net/hphotos-ak-xtp1/v/t1.0-0/s130x130/13509121_787883577980230_8624617061432243858_n.png?oh=42f86a1a7cd37e9d95d8e20c85af7bd0&oe=57EB7CAD&__gda__=1475369274_29aef7a2219d92f8c24822ebcc32503e,https://www.facebook.com/2016CopaAmericaCentenario/photos/a.688703801231542.1073741828.612616258840297/787883577980230/?type=3,Timeline Photos,,,https://www.facebook.com/images/icons/photo.gif,photo,added_photos,2016-06-26T00:57:55+0000,2016-06-26T03:31:54+0000,94
99,178,612616258840297_787880614647193,"Esse foi o quinto gol de Bacca pela Colômbia em 2016, e que golaço! Ele é o artilheiro do time esse ano. #USAvCOL #Copa100",https://fbcdn-photos-b-a.akamaihd.net/hphotos-ak-xlp1/v/t1.0-0/s130x130/13501625_787880614647193_845153305635450667_n.png?oh=fa75a3710ec8372cf1921b61c33e2fc6&oe=57F373E8&__gda__=1476141838_3ebf4e2e7a3ddfc076e55b0da1b71873,https://www.facebook.com/2016CopaAmericaCentenario/photos/a.688703801231542.1073741828.612616258840297/787880614647193/?type=3,Timeline Photos,,,https://www.facebook.com/images/icons/photo.gif,photo,added_photos,2016-06-26T00:50:02+0000,2016-06-26T08:21:47+0000,22
100,179,612616258840297_787880234647231,¡Pase espectacular de James Rodriguez y golazo de Carlos Bacca en el 31'! ¡Los #Cafeteros ya están arriba 0-1! Este fue el 5to gol de Bacca con la Selección Colombia - FCFSeleccionCol en el 2016. El es el líder goleador para el equipo en este año. #Copa100,https://fbcdn-photos-d-a.akamaihd.net/hphotos-ak-xpt1/v/t1.0-0/s130x130/13310456_787880234647231_4656558843085072390_n.png?oh=52931755bf30de8ca807c8dca8c539e3&oe=57EC3479&__gda__=1479305823_fc7acaeea63decd63083381bdebd4e8c,https://www.facebook.com/2016CopaAmericaCentenario/photos/a.688703801231542.1073741828.612616258840297/787880234647231/?type=3,Timeline Photos,,,https://www.facebook.com/images/icons/photo.gif,photo,added_photos,2016-06-26T00:48:31+0000,2016-06-27T09:23:34+0000,119
101,180,612616258840297_787880221313899,That's Carlos Bacca's 5th goal for Selección Colombia - FCFSeleccionCol in 2016. He's still the leading scorer for the team this year. #USAvCOL #Copa100,https://fbcdn-photos-a-a.akamaihd.net/hphotos-ak-xlt1/v/t1.0-0/s130x130/13439179_787880221313899_9175556465815470724_n.png?oh=a96c9227d9fb5f9684e4700fb2a7aab4&oe=5834AE8F&__gda__=1475816339_6b5d5be4a668036a85768fd9da3b96b6,https://www.facebook.com/2016CopaAmericaCentenario/photos/a.688703801231542.1073741828.612616258840297/787880221313899/?type=3,Timeline Photos,,,https://www.facebook.com/images/icons/photo.gif,photo,added_photos,2016-06-26T00:48:29+0000,2016-06-26T00:48:29+0000,17
102,181,612616258840297_787892951312626,Here is Selección Colombia - FCFSeleccionCol's lineup for the #USAvCOL match. #Copa100,https://fbcdn-photos-c-a.akamaihd.net/hphotos-ak-xft1/v/t1.0-0/s130x130/13516188_787892631312658_9193565549079757329_n.png?oh=4d7c03c61fc771febbf2e882312c80dd&oe=57EEEAAE&__gda__=1475826364_c9216c5e2aa57241fd159cc82f86f8ff,https://www.facebook.com/2016CopaAmericaCentenario/photos/a.688703801231542.1073741828.612616258840297/787892631312658/?type=3,Timeline Photos,,,https://www.facebook.com/images/icons/photo.gif,photo,added_photos,2016-06-26T00:00:00+0000,2016-06-27T12:11:58+0000,8
